{
  "agent": "rule_based",
  "n_episodes": 1000,
  "n_timeouts": 0,
  "mean_ep_time_s": 3.683087188720703,
  "overall_score_mean": 61.3118,
  "overall_score_std": 12.31544480560893,
  "summary": {
    "MI": {
      "final_score_mean": 39.879,
      "final_score_std": 6.884065586555665,
      "xi_avg_mean": 83.4341,
      "squad_size_mean": 18.975,
      "completeness_mean": 44.82,
      "balance_mean": 10.647,
      "budget_spent_mean": 52.62795,
      "budget_remain_mean": 4.37205,
      "mins_met_rate": 0.0,
      "overseas_mean": 2.875,
      "grade_dist": {
        "S": 0.0,
        "A": 0.004,
        "B": 0.106,
        "C": 0.798,
        "D": 0.092
      }
    },
    "CSK": {
      "final_score_mean": 62.595,
      "final_score_std": 2.773621279122296,
      "xi_avg_mean": 81.6096,
      "squad_size_mean": 18.885,
      "completeness_mean": 81.98,
      "balance_mean": 37.224,
      "budget_spent_mean": 55.814550000000004,
      "budget_remain_mean": 1.1854500000000001,
      "mins_met_rate": 0.099,
      "overseas_mean": 4.816,
      "grade_dist": {
        "S": 0.0,
        "A": 0.136,
        "B": 0.864,
        "C": 0.0,
        "D": 0.0
      }
    },
    "RCB": {
      "final_score_mean": 47.546,
      "final_score_std": 5.723275635508044,
      "xi_avg_mean": 82.4404,
      "squad_size_mean": 16.225,
      "completeness_mean": 50.78,
      "balance_mean": 29.14,
      "budget_spent_mean": 56.905680000000004,
      "budget_remain_mean": 0.09432,
      "mins_met_rate": 0.0,
      "overseas_mean": 3.413,
      "grade_dist": {
        "S": 0.0,
        "A": 0.0,
        "B": 0.521,
        "C": 0.479,
        "D": 0.0
      }
    },
    "KKR": {
      "final_score_mean": 67.314,
      "final_score_std": 4.403112989692633,
      "xi_avg_mean": 83.1664,
      "squad_size_mean": 16.111,
      "completeness_mean": 82.28,
      "balance_mean": 48.656,
      "budget_spent_mean": 56.904740000000004,
      "budget_remain_mean": 0.09526000000000003,
      "mins_met_rate": 0.114,
      "overseas_mean": 4.405,
      "grade_dist": {
        "S": 0.031,
        "A": 0.757,
        "B": 0.212,
        "C": 0.0,
        "D": 0.0
      }
    },
    "DC": {
      "final_score_mean": 64.868,
      "final_score_std": 4.382987109266922,
      "xi_avg_mean": 82.3033,
      "squad_size_mean": 16.668,
      "completeness_mean": 84.54,
      "balance_mean": 45.368,
      "budget_spent_mean": 56.866060000000004,
      "budget_remain_mean": 0.13394,
      "mins_met_rate": 0.228,
      "overseas_mean": 4.322,
      "grade_dist": {
        "S": 0.0,
        "A": 0.343,
        "B": 0.656,
        "C": 0.001,
        "D": 0.0
      }
    },
    "RR": {
      "final_score_mean": 76.058,
      "final_score_std": 6.390354919720813,
      "xi_avg_mean": 83.1106,
      "squad_size_mean": 17.219,
      "completeness_mean": 93.66,
      "balance_mean": 71.236,
      "budget_spent_mean": 67.87333000000001,
      "budget_remain_mean": 0.12667,
      "mins_met_rate": 0.683,
      "overseas_mean": 4.59,
      "grade_dist": {
        "S": 0.446,
        "A": 0.527,
        "B": 0.027,
        "C": 0.0,
        "D": 0.0
      }
    },
    "SRH": {
      "final_score_mean": 65.009,
      "final_score_std": 2.354765168758872,
      "xi_avg_mean": 83.1048,
      "squad_size_mean": 15.105,
      "completeness_mean": 80.44,
      "balance_mean": 44.343,
      "budget_spent_mean": 56.809050000000006,
      "budget_remain_mean": 0.19094999999999998,
      "mins_met_rate": 0.029,
      "overseas_mean": 4.887,
      "grade_dist": {
        "S": 0.0,
        "A": 0.625,
        "B": 0.374,
        "C": 0.001,
        "D": 0.0
      }
    },
    "PBKS": {
      "final_score_mean": 49.678,
      "final_score_std": 5.897992539839297,
      "xi_avg_mean": 81.7449,
      "squad_size_mean": 15.104,
      "completeness_mean": 55.4,
      "balance_mean": 32.36,
      "budget_spent_mean": 56.90644,
      "budget_remain_mean": 0.09356,
      "mins_met_rate": 0.0,
      "overseas_mean": 3.505,
      "grade_dist": {
        "S": 0.0,
        "A": 0.004,
        "B": 0.639,
        "C": 0.357,
        "D": 0.0
      }
    },
    "GT": {
      "final_score_mean": 72.889,
      "final_score_std": 6.50405096843498,
      "xi_avg_mean": 84.03739999999999,
      "squad_size_mean": 18.33,
      "completeness_mean": 90.08,
      "balance_mean": 52.886,
      "budget_spent_mean": 56.66826000000001,
      "budget_remain_mean": 0.33174000000000003,
      "mins_met_rate": 0.504,
      "overseas_mean": 4.814,
      "grade_dist": {
        "S": 0.204,
        "A": 0.754,
        "B": 0.042,
        "C": 0.0,
        "D": 0.0
      }
    },
    "LSG": {
      "final_score_mean": 67.282,
      "final_score_std": 5.610033511486362,
      "xi_avg_mean": 81.74010000000001,
      "squad_size_mean": 14.981,
      "completeness_mean": 89.6,
      "balance_mean": 53.156,
      "budget_spent_mean": 56.91499,
      "budget_remain_mean": 0.08500999999999999,
      "mins_met_rate": 0.48,
      "overseas_mean": 4.72,
      "grade_dist": {
        "S": 0.0,
        "A": 0.516,
        "B": 0.484,
        "C": 0.0,
        "D": 0.0
      }
    }
  }
}